ID,Answer
0,烏茲別克
1,大量放射性元素衰變加熱所形成
2,世界高層建築與都市人居學會
3,2008年
4,中國
5,溫州人
6,索馬利亞
7,科德爾·赫爾
8,哈爾濱鐵路局
9,「毛主義」
10,文化教育界高級人士
11,豐臣秀吉
12,蘋果公司
13,1962年世界盃
14,韓國
15,喬治·居維葉
16,鎮壓福建范汝為之亂不力
17,蔬菜
18,「惠潮之民多與鄭氏相通」
19,羅馬人
20,京杭大運河
21,1949年
22,董必武
23,張學良
24,五
25,仔細觀察大自然
26,狗
27,葡萄牙
28,873人
29,立法
30,光傳播的路徑是光以最短時間通過的路徑
31,航空母艦
32,高雄市
33,楊浦區
34,查理曼
35,蒙德極小期
36,給予印度人在中央及省級立法院有限的權力
37,馬祖
38,臺北縣眷村文化節
39,研究
40,西方商業模式
41,第7名
42,推古天皇
43,機器人系列
44,《煙臺條約》
45,牡丹江
46,中山
47,瑞士
48,[SEP]蒙古東北部地區
49,三成
50,學院功績獎
51,德國
52,1000萬
53,岩石圈
54,1500年
55,二十世紀八十年代
56,與漢人通婚
57,哈拉爾德看台重建
58,中俄羅斯高地
59,1961年10月
60,1275年
61,基督教
62,縣市
63,83.4%
64,東京
65,裴存藩
66,「向北發展，向南防禦」
67,桓那部
68,香港
69,庚子賠款
70,南極
71,土耳其
72,中華人民共和國政府
73,都市計畫
74,心臟病
75,1984年
76,工業原料
77,徐達
78,公元245年初
79,回[UNK]部落
80,德國統一社會黨
81,足協盃
82,中國移動通信
83,儒略二世
84,梅鐸
85,伽利略
86,認為耶穌會妨礙他們的殖民主義行為
87,班傑明·富蘭克林
88,大克羅埃西亞主義
89,北高加索
90,洛杉磯湖人
91,成都
92,漢斯·艾斯勒
93,巴克萊中心
94,中國四大古橋
95,mosaic
96,公路網絡
97,2位
98,馬提阿利
99,伊斯蘭教
100,窩闊台汗國
101,多市政府自行興建了數條市級高速公路
102,上海學府中央區
103,大氣圈
104,解除戰地政務
105,布拉格之春
106,袁世凱
107,少女模特兒
108,[SEP]本島總面積
109,1827年
110,阿里烏教派
111,保護勞動者的合法權益
112,1988年
113,食物中毒
114,八掌溪
115,全球資訊網
116,1969年12月
117,恐怖主義
118,歐美日列強
119,美國國土安全部
120,奧古斯都
121,草書
122,商品的生產地
123,探馬赤軍
124,新憲法
125,1956年
126,100倍
127,米盧斯
128,四年
129,北魏風格
130,公元前216年
131,左心房
132,柏拉圖
133,石器時代
134,紅矮星
135,哈馬尼·迪奧里
136,蔣中正嫡系部隊
137,十字軍運動
138,「約瑟夫·朴」
139,粳稻
140,1946年
141,國際聯盟
142,敦煌郡
143,1878年5月15日
144,1928年
145,考試
146,四川省
147,煉鋁業
148,1917年
149,啟蒙時代
150,錢德拉·鮑斯
151,20世紀
152,副熱帶濕潤氣候
153,全真派
154,巴西隊
155,聖索非亞大教堂
156,印度
157,中華人民共和國
158,沙俄
159,亞塞拜然
160,1964年民權法案
161,綫車
162,1976年
163,高句麗王
164,1945年
165,威廉·赫歇爾
166,東吳大學
167,國際動物命名規約
168,昭和天皇
169,共產黨情報局
170,港幣6元
171,美國綠卡
172,212萬人
173,景德鎮
174,製造業
175,三陽工業
176,苦修隱居
177,多倫多
178,18世紀末
179,天主教
180,長崎新幹線
181,可也余志
182,俄羅斯聯邦
183,回[UNK]汗國
184,[SEP]月7日
185,845年
186,摩梭人
187,羅斯托夫州
188,[SEP]年
189,孫文
190,穆斯林
191,淮河流域
192,1918年
193,1975年
194,2017年
195,神明管轄村莊的範圍
196,1921年
197,聖瑪利亞教堂
198,勸誡性長詩
199,尼西亞帝國
200,基因轉殖生物
201,亞熱帶季風性濕潤氣候
202,《標準詞典》
203,1953年
204,北韓
205,《新聞法》
206,1862年
207,1600萬
208,二十五歲
209,1388年
210,張俊
211,《大目犍連變文》
212,詹姆斯·霍本
213,晉中市
214,嶺北行省
215,白[UNK]紀中期
216,戰爭廳
217,「日產復興計畫」
218,心肌梗塞
219,1985年
220,臺灣
221,水墨畫
222,1999年
223,補庫當天下午
224,埃及方言
225,大月氏國
226,安南計畫
227,1701年
228,574800人
229,13世紀
230,網際網路泡沫破滅
231,儒洪多湖
232,中南海
233,公安邊防部隊
234,第七
235,岡本大八事件
236,宋文帝元嘉年間
237,與太祖相悖的
238,李登輝
239,走資本主義道路當權派
240,漳州府府城
241,5領
242,jawa大壩
243,克里斯托夫
244,將攻城臼炮運到君士坦丁堡城外
245,阿提拉
246,5800日元
247,朴銀
248,188萬公里
249,炮的出現
250,再啟蒙時期
251,西方式握拍
252,2005年
253,借了共產政府的小船以捕魚為名，冒住生命危險抵港
254,農藥
255,瑪西婭·麥克納特
256,〈妮歌〉
257,1748年
258,1650年
259,查理斯二世
260,利用互補的資源優勢帶動黑龍江流域地區經濟的發展
261,降雨的不均衡
262,總質量
263,五部
264,單車
265,英國
266,梅雨時期
267,重慶
268,四分之三
269,歐洲理事會議會大會
270,巴達維亞
271,將實驗引入心理學研究的人
272,磚石
273,有許多鋪墊性問題
274,1100公尺
275,漢明帝
276,烽火台
277,1917年
278,《1800聯合法案》
279,紐西蘭
280,香港之女
281,議會初期實行一院制
282,鮑德溫郡
283,美白聖品
284,德國使用無限制潛艇戰
285,文化大革命
286,菲萊登陸器
287,四川省
288,維基媒體
289,民國三十四年
290,雅克·考文
291,分區氣溫
292,衛三畏
293,1999年4月30日
294,洛杉磯好萊塢
295,清華學堂
296,奧斯卡金像獎
297,中華台北名義
298,性虐待
299,蘇達爾摩
300,劉少奇
301,著作官
302,擇捉島
303,力主抗戰
304,福建
305,公元前1世紀
306,貝他版本
307,5公里
308,窩闊台汗
309,球童
310,基督教教義
311,1934年
312,政治家
313,非營利博物館
314,負面情況
315,286年
316,塞德里克·吉班斯
317,加州
318,《愛情萬歲》
319,阿提拉
320,海拔高度
321,細密鑲嵌技術
322,1978年
323,1913年
324,東正教
325,公元前1世紀
326,1107萬平方公里
327,伊朗人質危機
328,尼阿美
329,葉榆縣
330,突厥人
331,朝鮮平壤南部大同江入海口
332,忠孝伯招討大將軍罪臣國姓
333,以通俗故事來說佛經
334,蘇聯
335,《世俗謬論》
336,日本
337,威廉·吉爾伯特
338,[SEP]綠島
339,劉子業
340,匈牙利
341,anp
342,1966年
343,拉卜楞鎮
344,中南海
345,肉饅頭
346,南斯拉夫
347,13%
348,周達觀
349,法國
350,農業
351,《桑道夫伯爵》
352,明代
353,在實行突擊群戰術的步兵上配備了大量衝鋒鎗
354,十一個
355,德川幕府
356,攝氏溫標
357,佛教
358,香山
359,政治家
360,至元二十六年
361,受賄
362,耶穌基督的使徒彼得
363,1913年
364,黃河
365,槍枝
366,越高的重力
367,外交部
368,於大陳駐守的太平號驅逐艦遭解放軍魚雷快艇擊沉
369,日軍
370,新北市
371,1960-70年代
372,近衛頭銜
373,嘉靖七年
374,歌德
375,1985年
376,外國公使
377,雨季降水
378,《前進報》
379,北德低地
380,19世紀
381,每年
382,沃爾特·蒙代爾
383,搶鐵集團
384,140年
385,國際動物命名規約
386,政府濫印鈔票
387,1995年
388,象徵主義
389,1251年
390,管理人員
391,1857年
392,穆斯林文化
393,1997年
394,27個
395,副主席
396,1949年1月
397,末次冰期
398,紅線
399,腓力四世
400,《日出》
401,時速126英里
402,一局比賽結束之後
403,2015年
404,魏黃初二年
405,前秦
406,窩闊台汗海
407,引入刑事司法法案
408,清嘉慶年間
409,杜魯門
410,前方後圓墳
411,故國川王
412,41種
413,亞熱帶海洋性季風氣候
414,保羅·高特列本·尼普可夫
415,楊浦區
416,西九龍
417,山水詩
418,特勤局特工
419,黑潮洋流
420,俄國
421,[SEP]家醫療服務信託基金會
422,自由土黨
423,德意志帝國
424,個人電腦主機板
425,牛牧寺
426,花式撞球
427,輻射
428,1.25億
429,[SEP]里西亞
430,東犬燈塔
431,1834年3月6日
432,美國
433,永曆帝冊封他為延平王
434,瓦剌
435,漢朝
436,詹姆斯鮑曼林賽
437,烏拉圭
438,南漢宸
439,「[UNK]立極垂統、列皇相承、繼之述之[UNK]宣明治教以宣揚惟神之大道也[UNK]」
440,澳大利亞聯邦
441,布雷斯頓·布瑞格
442,文藝復興時期
443,民不聊生
444,賈木納河
445,國防部
446,暴虐
447,《2005年憲制改革法令》
448,企業爆發涉及高達16億美元的會計造假案件，主要為來自晶片及半導體部門的虛假營收
449,基督教
450,廣鐵集團
451,梅西
452,俄羅斯蘇維埃社會主義聯邦共和國
453,扶餘國
454,皇家自由醫院
455,南斯拉夫反法西斯人民解放委員會
456,莫高窟
457,盧西塔尼亞號
458,副教務長
459,杜魯門的葬禮
460,彈頭本身的威力較低，面對一些保護設計甚至完全無法貫穿
461,2014年世界盃
462,前瞻性
463,奴隸制度
464,琥珀摩擦實驗
465,善於補天
466,1913年
467,東京證券交易所
468,漳州城
469,積極進攻
470,英國
471,唐代
472,毛利族
473,「臺灣之光」
474,二二八事件
475,境內突厥人的伊斯蘭化
476,2009年
477,黑龍江
478,東羅馬繪畫手捲
479,彰化市公所
480,多利的羊
481,天真
482,2395平方公里
483,巨大的表面積
484,江澤民
485,德國
486,全美第五
487,《太陽報》
488,盟是監察機構
489,法國
490,總督
491,中國大陸
492,哈爾茨山脈
493,布政使
494,西北條例
495,許家班
496,75歲
497,光緒三十三年
498,俄語
499,輕型小遊艇
500,長安
501,因為大量的廣府人聚居
502,王道
503,倭寇
504,課外活動指導組
505,天武天皇時期
506,刺激劑
507,羅馬的財富
508,1945年
509,突厥人
510,蕭道成
511,重慶
512,南加大
513,今天
514,蘇聯
515,戰國策
516,倫敦時報
517,第三代
518,預熟米
519,日治時期
520,1993年
521,雪海燕
522,西漢時期
523,西元476年
524,中俄羅斯高地
525,民國十六年
526,12世紀後期
527,2012年
528,白水門事件
529,日佔時期
530,支鏈澱粉
531,臨朐城
532,和人
533,維也納發生大雷雨
534,美國
535,奈及利亞
536,《易經》
537,德國
538,內蒙古自治區
539,峨眉縣
540,陳水扁
541,第一次世界大戰
542,異端虛構
543,岩溶山原地貌
544,過早引爆
545,大型整流罩
546,19世紀晚期
547,可再生能源
548,巴燕縣
549,東羅馬皇帝
550,儒家
551,西班牙
552,18小時
553,26名
554,赫魯雪夫時期
555,突厥
556,1992年
557,半西方式握拍
558,[SEP]尼托巴省
559,李[UNK]
560,1972年
561,中國南方
562,史蒂芬•道格拉斯
563,物理化學
564,南宋
565,宣傳鼓吹民族民主革命
566,商稅
567,每週功課
568,劉裕
569,2007年
570,斯洛維尼亞
571,1980年代
572,朱權
573,莫斯科和平協定
574,24位
575,散布異端
576,常綠闊葉木本植物
577,喀什市
578,高容姬
579,500席
580,1966年
581,基督教
582,希臘
583,1260年
584,戰略地位
585,修改日美安保條約
586,北伐必敗論
587,1995年
588,曾德
589,中國人民解放軍海軍
590,大衛營和約
591,匈牙利王國
592,2004年
593,陳誠
594,1945年
595,[SEP]城頭向下投擲瓦石
596,約為太陽的100[UNK]150倍
597,2001年3月
598,漢諾瓦全能運動隊
599,62萬
600,1920年
601,點燃煙火
602,潮州體育館
603,解放軍
604,伯明罕
605,實驗
606,中國政府必須承認蒙古人民共和國獨立；第二，中國必須保證長春鐵路沿線的安全
607,江戶幕府
608,希臘-保加利亞聯軍
609,352年
610,慶曆和議
611,由馬丁•利頓和菲利普•海德照相，阻止了在國家恐龍化石保護區修築水壩
612,政治哲學
613,熱帶草原
614,梵語
615,恐龍
616,聖雄甘地
617,11世紀
618,1897年
619,截擊
620,[SEP]權事業取得的成就
621,1960年
622,5800日元
623,指性別相同的人彼此締結為婚姻關係
624,新北市
625,孔祥熙公館
626,忽必烈
627,維也納
628,太平天國
629,服務偏遠地區
630,阻隔東德人遷往西德
631,德國國營鐵路
632,五一勞動節
633,渤海國
634,俄羅斯帝國
635,美國電影藝術與科學學院
636,列寧
637,戴維·里滕豪斯
638,島原鐵道
639,多倫多
640,14世紀末
641,熱拉爾·普魯尼爾
642,愛爾蘭
643,南北朝
644,米糠
645,耶穌會
646,《大公報》
647,勞倫斯·薩默斯
648,南宋
649,卑南族
650,兩小時
651,安德烈·曼紐爾·德·里奧
652,魚鷹
653,開京
654,劇院
655,濟南
656,遺傳物質
657,臺北
658,荷蘭
659,1873年
660,宋代
661,舊金山和約
662,太平洋
663,拉丁文
664,5千年
665,日耳曼
666,只有在去世後才能在其生日發行紀念郵票
667,「武力統一」
668,1950年
669,軟席候車室
670,加金絲織物
671,「黃虎旗」
672,1957年
673,西晉時期
674,抑鬱
675,鎮江都統司酒樓
676,美國電影藝術與科學學院
677,敦煌
678,奉系軍閥
679,查爾斯·派爾
680,石灰石
681,四面環海
682,英國核燃料公司
683,宋神宗
684,董建華
685,羅馬天主教會
686,丁磊
687,1958年
688,成都平原
689,八百餘年
690,馬其頓王朝
691,八卦台地
692,保定
693,彌爾
694,1291年
695,天道
696,民國9年
697,承久3年
698,1991年
699,由岩石圈受到壓縮應力的結果而形成
700,晉廷因為冉閔稱帝而不理
701,烈士
702,阿姆利則慘案
703,鐵軌
704,1815年
705,《星際信使》
706,新城大樓
707,3
708,越南共和國軍
709,約翰長老
710,解決財政問題
711,發球上網
712,劉粲
713,錫爾河
714,14個
715,倫敦-利物浦
716,反對同性婚姻的人
717,所有的納稅人
718,電離層
719,阿聯迪拉姆
720,潘基文
721,2015年
722,軌道要穩定
723,21196.18公里
724,斯基泰
725,不能拒絕
726,王羲之
727,中華隊
728,機車
729,「有組織叛亂行為」
730,赫魯雪夫
731,江南案
732,大楷字體
733,西雙版納
734,客座教授
735,維基媒體
736,信義計畫區
737,宣傳
738,極光
739,古印度
740,真空極化
741,崇福寺
742,外交的騙局
743,伽利略
744,布里斯托
745,國內的貴族政治與神職人員影響重大
746,忽必烈
747,國民擁戴的領袖
748,「美麗島」
749,亞歷山大·布隆尼亞爾
750,飛鳥時代
751,城際軌道交通
752,亨利八世
753,中國市場
754,崔浩
755,天城文
756,歐洲戰事
757,宗教改革
758,暴力革命
759,中國
760,1個
761,授權
762,小籠饅頭
763,普勞圖斯
764,西元337年
765,加入歐盟
766,火力持續性
767,散騎常侍
768,祈年殿
769,1980年代
770,忽必烈
771,賈漢沙
772,毛澤東
773,德國
774,羅馬
775,猶太教
776,42.00
777,9世紀以前
778,優秀西部片演員
779,五分之一
780,林登強森
781,第二次世界大戰
782,白米
783,中耳
784,宗
785,ucla洛杉磯加利福尼亞大學
786,莫須有
787,關東大地震
788,終身軟禁
789,磁場的強度
790,母系社會
791,香港法例
792,十年
793,6月13日
794,被割讓為英國殖民地
795,蘇聯時期
796,杜林
797,美國
798,聖烏爾蘇拉
799,哥本哈根
800,為了防止故意誤導球的走向
801,美國
802,羅馬帝國
803,金朝陽集團
804,50～75公斤
805,私立廈門大學
806,軍閥獨裁統治
807,印第安公司
808,德意志帝國
809,45公里每小時
810,司法機構
811,《重慶日報》
812,西吉斯蒙德
813,楊璉真
814,茶道文化
815,軍功
816,亦思巴奚兵亂
817,1990年代中後期
818,瑞典
819,古希臘
820,湯·韋迪加
821,八角大樓
822,1990年
823,大學畢業生
824,卡爾梅克共和國
825,方便世界各地有投資意願人士申請香港居留權，以引進資金和人才
826,1989年
827,侏羅紀
828,所有的選項全未通過
829,世界銀行
830,托爾金
831,電影
832,朝鮮王朝
833,議會民主制
834,橢圓星系
835,約翰西尼切里布
836,1932年
837,1994年世界盃
838,地球
839,西班牙帝國
840,葡萄牙語
841,1915年
842,「曼尼托巴法案」
843,金正恩
844,荷蘭人
845,約翰·洛吉·貝爾德
846,余天錫
847,只要是十五歲至七十以內的人皆服兵役
848,查士丁尼法典
849,尤里西斯·辛
850,奧古斯都
851,光球層
852,以保護中東鐵路為由出兵越過黑龍江
853,賽普勒斯土耳其聯邦
854,紅河戰役
855,80億美元
856,平成時代
857,1949年
858,納粹黨
859,無脊椎動物
860,拉多加湖
861,林爽文反清之役
862,有知識炫耀嫌疑
863,1000米
864,5年
865,事出突然
866,恆星
867,指他的名字「雲」道破了他出生的秘密
868,第149位
869,西哥德王國
870,公元197年
871,廣州-深圳西普速列車
872,武仁之約
873,庇護十一世
874,法顯
875,老羅斯福
876,在任何孤立系統裏，總電量不變
877,隆納·雷根
878,在目視範圍內加以攻擊
879,福建
880,8200年前
881,嘉禾二年
882,唐繼堯
883,新南威爾斯大學
884,戶籍制度
885,哈康五世
886,羅斯福
887,李成棟
888,特殊關係
889,1871年
890,台灣
891,喬治·盧卡斯
892,準備組織150萬大軍以滅東晉，但於隔年閱軍時逝世
893,新自行車
894,世襲
895,官營政策
896,積雲階段
897,尼羅河
898,物種的演化是通過自然選擇的方式實現的
899,九一八事變
900,制勝球
901,前線通訊
902,德國
903,圖西族
904,失敗
905,全國農村農夫
906,楊榮迎
907,2006年
908,二十二行省
909,劉義符
910,小型地方商圈
911,2001年
912,自殺預防
913,南國農
914,農業
915,漢水，亦稱漢江，又名襄河，古稱[UNK]水，是長江最長的支流。漢水
916,金門
917,2000毫米
918,1155年
919,俄語
920,玄奘法師
921,不乾膠
922,參戰軍
923,議長
924,山毛櫸林
925,沙爾孫巴提安
926,1917年
927,天安門廣場
928,垂死恆星
929,三層
930,美國
931,46歲
932,100公里/小時
933,電子工業
934,泡子
935,保存聯邦
936,非營利組織
937,宗教信仰
938,段祺瑞
939,英斂之
940,低地球軌道
941,滇
942,十字軍
943,戚繼光
944,一千億個
945,國立中山大學
946,長城
947,鯉魚山
948,巴爾幹半島
949,修正與整合先前已得的知識
950,地瓜餃
951,青少年
952,共和黨革命效應
953,三分之一
954,支持
955,中山
956,深圳
957,鍾義信
958,肝癌
959,英國
960,印歐語系
961,anp
962,華碩
963,德國國內市場經濟無法發展，在歐洲大陸也無法與其他列強鼎立
964,袁隆平
965,牛肉
966,1951年7月8日
967,高石碑鎮
968,1911年
969,《大般若經》
970,1926年9月正日
971,新加坡
972,怕他與燕王呵成一氣
973,赫沃斯托夫
974,英語
975,張伯苓
976,以避免壓縮機／渦輪解體時可能造成的傷亡或機體損壞
977,瑪格麗特
978,1989年解嚴後
979,三姓副都統
980,4610年
981,伊斯蘭教
982,混合了多種方言
983,主席
984,「蝦夷地
985,多倫多
986,25個
987,1161
988,宗王劉義慶
989,唐
990,霰彈槍
991,重慶市
992,越窯青瓷
993,2000億金馬克
994,九龍塘省善真堂
995,12世紀
996,明洪武元年
997,久彌宮妃[UNK]子
998,1992年
999,為解決「羅馬問題」
1000,以鞏固勢力
1001,中世紀時期
1002,2012年
1003,明仁
1004,尖沙咀
1005,《阿[UNK]婆吠陀》
1006,耳廓
1007,通過資助倫巴第同盟
1008,漢人
1009,三國時期
1010,外圍賽
1011,對閩南地形較為熟識
1012,美軍基地
1013,1859年
1014,田利家
1015,多元性
1016,中共政治犯
1017,桃花源記
1018,1937年
1019,首都國際機場
1020,區域規劃
1021,矽酸鹽水泥
1022,朝聖者
1023,1949年
1024,中國鐵通
1025,《論共產黨員的修養》
1026,航空母艦
1027,郡縣制
1028,衛所制度
1029,廟街
1030,佃客
1031,零
1032,太平洋
1033,合理的稅制
1034,阿根廷
1035,通古斯盆地
1036,陳侃
1037,韌性
1038,洪聖廟
1039,1989年
1040,彰化市
1041,稻草
1042,668年春夏
1043,皇家法律
1044,颱風來襲
1045,斯泰提烏斯
1046,新舊軍事貴族
1047,庫力台大會推舉
1048,韓戰
1049,1284年
1050,第四
1051,八掌溪
1052,1941年9月
1053,基輔羅斯
1054,多倫多證券交易所
1055,凡爾賽條約
1056,視杆細胞
1057,1985年
1058,四個
1059,1998年
1060,粳稻
1061,1975年11月25日
1062,三千個
1063,聯合國成員中的獨裁政體影響力越來越大
1064,5次
1065,中國移動
1066,1900年
1067,1990年代
1068,平原
1069,滿洲是清朝的發祥地
1070,唐娜·瑞德
1071,100億美元
1072,曹溪宗
1073,九龍寨城
1074,巴西
1075,重慶
1076,姚[UNK]
1077,恆星
1078,1975年
1079,精神污染
1080,1947年
1081,郭沫若
1082,張之洞
1083,數字位數太多
1084,為臺灣石化業與重工業打下良好的基礎
1085,1314年
1086,中華人民共和國
1087,西德
1088,1989年
1089,突厥
1090,盤古大陸內部
1091,新論壇
1092,平均高溫
1093,70年代
1094,2007年5月
1095,譚詠麟
1096,政治
1097,汪達爾人
1098,1660年
1099,1959年
1100,美國
1101,烏干達
1102,臺灣閩南語
1103,王世杰
1104,將生果放在米缸中
1105,大小
1106,第二次世界大戰
1107,環境保護主義
1108,忽必烈
1109,神風特攻隊
1110,二尖瓣
1111,艾爾弗雷德•牛頓
1112,跨年活動
1113,非常注重傳統
1114,腦源性神經營養因子
1115,中國
1116,磁浮列車
1117,露點溫度
1118,心房鈉尿肽
1119,1972年
1120,開放式社會主義體制
1121,無人飛機
1122,匹茲堡市中心
1123,美國公路邊的加油站附設小店
1124,1987年
1125,反共抗俄
1126,14世紀
1127,烏布利希
1128,丘處機
1129,1937年12月
1130,北京
1131,古典音樂
1132,第四次十字軍東征
1133,李伯曼
1134,明尼蘇達州
1135,綏靖政策
1136,印度
1137,河狸
1138,托土拉島
1139,路易九世
1140,分子複製
1141,理學院
1142,羅爾德·阿蒙森
1143,地球空間
1144,1946年1月5日
1145,1611年
1146,豆科
1147,「喚醒了對由氣候變化所帶來的危險的意識」
1148,耳廓
1149,亨利福特
1150,維爾納•海森堡
1151,tr-850型坦克
1152,人口
1153,三天三夜
1154,懲罰西班牙人
1155,金正恩
1156,英國
1157,試圖從郊區中產階級及其它有影響力人物那裡吸引更多支持
1158,共識似乎已經達到了維基代碼需要上下文有關文法的程度
1159,阿森納
1160,中世紀
1161,1041年
1162,中山
1163,西班牙
1164,岳飛
1165,所作所為
1166,清同治年間
1167,林森
1168,多倍體育種
1169,陳誠
1170,沃爾特·格羅佩斯
1171,求知慾
1172,1993年
1173,1930年
1174,愛丁頓光度
1175,除草除蟲
1176,150名
1177,6.40米
1178,政府平等對待同志群體的決心
1179,宋元時期
1180,1982年
1181,權不外假
1182,河北省
1183,蘇門答臘島
1184,李達
1185,1960年代
1186,世界鋼都
1187,局部模特兒
1188,民國三十四年
1189,向空中
1190,19世紀
1191,汾河
1192,九龍站
1193,二千人
1194,湯瑪士·傑克森
1195,豬灣入侵
1196,國際人道法
1197,英國
1198,hkg3自動步槍系列
1199,蘇聯政府
1200,2億台
1201,米倉山西麓
1202,元祿年間
1203,高等法院
1204,美國國家環境保護局
1205,羊
1206,2006年
1207,羅伯甘迺迪
1208,美國
1209,1917年
1210,1975年
1211,魚雷艇
1212,劍橋大學
1213,《理想國》
1214,防止房價上漲影響港人置業
1215,2006年
1216,馬基維利
1217,藥用植物
1218,阿拉瓦克人
1219,民國5年
1220,獸醫學院
1221,美國總統科技顧問委員會
1222,感光細胞前毛細血管裏的白血球
1223,1950年代
1224,康熙七年
1225,班傑明·富蘭克林
1226,地熱能
1227,《教會史》第三冊25章
1228,路網管理系統
1229,《軍力動員法》
1230,羅洛·梅
1231,三
1232,患病為由
1233,元朝
1234,體積
1235,瓊·愛麗遜
1236,基督教
1237,2007年
1238,楊善德
1239,2003年
1240,熱帶草原氣候
1241,本質的邪惡
1242,《岳家軍》
1243,1314年
1244,1927年
1245,金正恩
1246,遠東紅點鮭
1247,家具業
1248,產量比原水稻多上一倍
1249,浪漫主義
1250,二
1251,臺灣原住民族
1252,下薩克
1253,順磁物質的磁化率與溫度的關係
1254,1980年代
1255,復仇心作祟
1256,美國電影學會
1257,出售郵件系統軟體授權
1258,7人
1259,自然
1260,狄奧多西二世
1261,俚人
1262,稻是人類的主要糧食作物，據知目前世界上的稻屬植物可能超過14萬種，而且科學家還在不停的研發新稻種
1263,亞美尼亞語
1264,電車線路
1265,蒙特內哥羅
1266,米漿
1267,平原區
1268,聯邦總理
1269,第34次
1270,大夏大學
1271,奴兒干地方
1272,235
1273,查爾斯·庫侖
1274,阿里烏教派
1275,1964年
1276,高雄市
1277,大腦
1278,42.5小時
1279,氫
1280,邱吉爾港
1281,亨利福特
1282,米酒稅率巨幅調漲
1283,扣留家屬為人質
1284,新加坡
1285,陳隆基
1286,烏拉圭世界盃
1287,尼日共和國
1288,1388年
1289,挾持其家人做為人質
1290,燃料
1291,朱棣是造反稱帝的，對大臣有所猜忌
1292,德國
1293,趙鼎
1294,「伍豪」
1295,周恩來
1296,復調音樂
1297,[UNK]水之戰
1298,元世祖
1299,喬治·居維葉
1300,下議院
1301,80
1302,路易十四
1303,2011年
1304,民國16年
1305,給聯盟國有後門可逃
1306,1960年
1307,聖母大學
1308,恆星光譜
1309,班固
1310,溫和氣候相當適合水稻生產
1311,漢中盆地
1312,賽普勒斯共和國政府南賽普勒斯的希臘族政權
1313,1930年
1314,油麻地避風塘
1315,客家語
1316,色雷斯人
1317,源平合戰
1318,患上喉癌
1319,1991年
1320,鄭有諒
1321,秋季學期
1322,三十年
1323,共和黨
1324,譚詠麟
1325,1950年
1326,釣魚臺主權的爭議
1327,歐胡島
1328,金大中
1329,為了從整體上推動社會主義精神文明建設的進程
1330,蘇聯
1331,更易於違反人權
1332,漲潮
1333,476年
1334,阻止美日海軍的介入和干預
1335,王莽
1336,金泳三
1337,第1位
1338,15世紀
1339,針對特別一個文化來進行的學術研究
1340,聲音在介質中傳播時遇到的阻力
1341,人文學科
1342,林彪
1343,越南
1344,混凝土結構
1345,完成南北候車室的合龍並進入內部裝修的階段
1346,隨著城市的發展加上持續的移山填海
1347,四十萬
1348,西里爾
1349,1963年
1350,[SEP]猶大書
1351,日治時期
1352,合成生物學
1353,央視網標誌
1354,新華門
1355,波斯灣東南岸
1356,帕吉勒提河
1357,恆星光譜
1358,1987年
1359,少帥
1360,中央政治局常委
1361,1984年
1362,松花江
1363,德郵
1364,匹茲堡
1365,1951年
1366,保護標誌
1367,漢諾瓦96足球俱樂部
1368,利奧十世
1369,13億美元
1370,亞德里安堡戰役
1371,撒爾塔-卡爾梅克人
1372,阿夷里
1373,以增強農民對政府的向心力
1374,毛澤東
1375,丹麥人
1376,羅馬教皇急需外援以抗衡伊斯蘭教徒
1377,非營利組織
1378,葡萄牙人
1379,他不想出名
1380,西方頹廢的象徵
1381,1980年
1382,1961年8月12日晚上
1383,金[UNK]
1384,法國
1385,15歲
1386,購買物資
1387,《bbc早餐》
1388,互相制衡作用
1389,共和末期
1390,混凝土壩
1391,瓦哈比教義
1392,1902年6月17日
1393,單幹風
1394,彈頭本身的威力較低，面對一些保護設計甚至完全無法貫穿
1395,重慶
1396,1958年
1397,反間計
1398,高爆反坦克彈
1399,烏特勒支碉堡
1400,劉銘傳
1401,物理學
1402,1914年
1403,崇漢派
1404,2005年
1405,刑法》
1406,宋朝
1407,蘇聯式的政治制度
1408,1976年
1409,山地
1410,成吉思汗
1411,社會壓力
1412,有機米
1413,《泰晤士報》
1414,1973年
1415,雲履
1416,《大公報》
1417,標志著消費者維權意識的興起
1418,城
1419,平息遊行
1420,升格為省轄市後，一至八屆市長皆由女性擔任
1421,婆羅門教
1422,1988年
1423,日內瓦會議
1424,加拿大
1425,公共汽車
1426,19世紀
1427,臺北市公車聯營管理中心
1428,中子星
1429,東漢時期
1430,金剛計劃
1431,1950年代
1432,9日
1433,獎座
1434,巴丹島
1435,54種
1436,白[UNK]紀
1437,2010年
1438,支持反唐
1439,急速銳減
1440,8.90%
1441,額爾金
1442,電晶體
1443,中華人民共和國代表團
1444,王明
1445,統一資源標識符
1446,1793年
1447,檀道濟
1448,宗法制
1449,楊善德
1450,歐洲共同體
1451,第一次世界大戰
1452,東德人口的很大一部分都不認同國家的政治和經濟體制
1453,彼得
1454,冷戰期間
1455,中國共產黨
1456,1713年
1457,如尼字母
1458,[SEP]國
1459,1976年
1460,加拿大中文電台
1461,隋文帝
1462,中國鐵道部
1463,土家族
1464,所有有意義的文化產物
1465,神聖羅馬帝國憲法
1466,司馬懿
1467,黑龍江省
1468,中國大陸
1469,1984年
1470,網
1471,削球
1472,渤海國
1473,印尼聖那塔達瑪大學
1474,1979年
1475,三星重工業
1476,具有很大的黏性
1477,唐太宗李世民
1478,南魯黨爭
1479,愛德華一世
1480,紅土
1481,《泰晤士報》
1482,西元1872年
1483,歐足總
1484,394年
1485,抗戰初期
1486,天津馬廠
1487,尼祿
1488,韓美同盟
1489,支持國軍對新四軍的軍事處置
1490,韓國燒酒
1491,陰曆月年
1492,人類始祖
1493,基因工程
1494,臺北國際金融中心
1495,太平洋戰爭
1496,荷蘭
1497,非營利組織
1498,清末民初
1499,貝爾實驗室
1500,歐洲文藝復興
1501,七倍
1502,加入了北美區號方案
1503,新柏拉圖主義
1504,六千年
1505,供養軍隊監督造幣
1506,顯宗
1507,阿爾卑斯山脈
1508,重慶
1509,心理危機干預熱線
1510,絲綢
1511,2005年
1512,1996年
1513,「安保鬥爭」
1514,荷蘭
1515,1958年
1516,念青唐古拉山脈
1517,喀爾喀四部
1518,《蜀道難》
1519,5000000美元
1520,三個月
1521,瀛台
1522,躁鬱症
1523,楊貴妃
1524,住宅區
1525,君士坦丁堡的城防體系
1526,1929年
1527,塞北遊牧部落聯盟
1528,德國
1529,李景隆大軍
1530,以免令天文台電話線路繁忙
1531,遭到後金和倭的攻擊
1532,1955年
1533,民族主義
1534,《胭脂扣》
1535,得到了很多來自宦官的幫助
1536,公元6世紀
1537,為別人斟酒
1538,二十世紀
1539,西班牙
1540,68億
1541,布袋戲
1542,鼓
1543,國歌詞譜初選委員會
1544,德效[UNK]
1545,盧循之亂
1546,單身收養制度
1547,周恩來
1548,教育
1549,鋰
1550,康士坦丁堡
1551,保加爾市
1552,幼年時
1553,1980年
1554,為受到迫害的法國傳教士作出報復
1555,張靜江
1556,貝他版
1557,2歲
1558,商業小說
1559,彰化縣
1560,首款
1561,2005年
1562,台安縣桑林
1563,米的種類也相當多種，而且不限於地區販售
1564,社會主義現實主義
1565,凡爾賽條約
1566,喬治·麥肯
1567,安豐塘壩
1568,1947年
1569,巴林坦海峽
1570,傑拉爾德·福特
1571,趙貴誠
1572,颶風黑素
1573,1950年
1574,普賢菩薩
1575,攝氏7000度
1576,蓋吳起事
1577,1820年
1578,《中國河湖大典》
1579,福建籍
1580,科學革命
1581,德國
1582,媒體的輿論
1583,金大中
1584,有國軍
1585,基督教
1586,丹麥
1587,其軍鎮
1588,2006年
1589,理藩院
1590,盧溝橋事變
1591,郭子儀
1592,新政聯盟
1593,韓愈
1594,平安
1595,共和國元首
1596,瘦果
1597,朱棣來到河堤上，舉起馬鞭假裝招呼援兵
1598,潮州市體委
1599,雨水
1600,北海
1601,後漢書
1602,化學物理
1603,安海成功小學校址
1604,高句麗
1605,「阿伊努新法」
1606,梵語發展成俗語之後
1607,行軍元帥府
1608,陶淵明
1609,茲沃雷金
1610,海外貿易
1611,約翰一世
1612,1990年代
1613,拘捕
1614,2010年
1615,一個隊員成為職業選手後，他/她就不能參加業餘選手賽
1616,黑死病
1617,1944年
1618,胡宗南
1619,30隻
1620,巴尼亞盧安達人
1621,隨住灣仔發展商業區
1622,禹縣
1623,聽覺神經上的神經衝動
1624,腎病
1625,離海洋很遠
1626,韓國
1627,張汝梅
1628,《沃爾松格傳說》
1629,波赫政府
1630,朱元璋
1631,1939年
1632,白羊座
1633,陝甘寧蘇維埃政府
1634,穆斯林世界
1635,美國童軍頒給成年人的最高榮譽
1636,白澳政策
1637,陳玉昶
1638,周鍾瑄
1639,民本思想
1640,德國
1641,福余衛
1642,92英畝
1643,卡達杜哈
1644,卡爾·林奈
1645,1963年
1646,愛德華三世
1647,元仁宗
1648,察合台汗國
1649,1684年
1650,稻米
1651,2007年
1652,16世紀
1653,1983年
1654,元世祖的汗位沒有經過庫力台大會的認可
1655,普魯士王國
1656,方便各國動物學者而作為參考版本使用
1657,腹背受敵
1658,境內優九聯盟
1659,薔薇戰爭
1660,李長仁
1661,將組織混亂的軍隊的指揮權掌握在自己手中
1662,班超
1663,狄拉克
1664,第六條
1665,東山手
1666,法蘭西王國
1667,5月
1668,喀喇汗國
1669,辯護哥白尼理論的形象
1670,首席大法官
1671,長泰
1672,1987年
1673,本森河·斯奈德
1674,板橋車站
1675,1970年代
1676,北回歸線
1677,中山
1678,正一派
1679,1876年
1680,德意志民主共和國
1681,高爾
1682,他人的選擇
1683,統一博物館
1684,凝血因子
1685,美國在台協會
1686,1978年
1687,3月
1688,2000萬人
1689,汪洋
1690,賓勞·安貝卡
1691,馬祖列島
1692,《選舉權法案》
1693,[SEP]涉
1694,法西斯獨裁政權
1695,二次大戰
1696,利物浦市
1697,奧勒·羅默
1698,航空運輸
1699,梵文
1700,土瓜灣道
1701,聲音強度分析
1702,[SEP]年
1703,劉秉麟
1704,蘭陽溪
1705,1897年
1706,2公里
1707,《建築十書》
1708,1309年
1709,1993年
1710,馬斯湖節
1711,魯本斯
1712,僧人信誠
1713,滇緬公路
1714,1868年
1715,文化中心
1716,壓迫到當地洪雅族原住民的生存空間
1717,1991年
1718,舉辦導賞團
1719,可量度
1720,1899年
1721,2001年
1722,四年
1723,缺乏良好環境計畫
1724,山茶花
1725,茂宜島
1726,受到鄰近其他星系影響
1727,史都華
1728,塞爾維亞族
1729,孫無終
1730,「全道阿伊努人大會」
1731,1949年
1732,高爾街
1733,戰國時期
1734,公式化
1735,1897年
1736,生態系的工程師
1737,熱帶
1738,法國
1739,81
1740,毛利文
1741,鄭芝莞
1742,荃灣新市鎮
1743,祈穀
1744,海牙公約
1745,梅艷芳
1746,聯邦憲法
1747,1854年
1748,1217年
1749,由不毛之地轉變為貨櫃碼頭
1750,福音派
1751,浙江等地
1752,龍雲
1753,溫尼伯湖
1754,國家安全會議
1755,財經
1756,西班牙語
1757,獅子國
1758,政治運勢
1759,20世紀
1760,一年十二個月
1761,1870年
1762,描繪眾多恆星的溫度相對於亮度
1763,武力征服
1764,色情行業
1765,百夫長
1766,烏爾班八世
1767,明朝
1768,何克抗
1769,東北亞
1770,俄羅斯
1771,重要的軍港
1772,幫助解開行星形成前的太陽系的謎
1773,第二次世界大戰
1774,12世紀
1775,清朝時期
1776,匈牙利社會主義工人黨
1777,1940年
1778,阿拉伯語
1779,每立方公尺一個原子
1780,密西西比河流域
1781,腓特烈二世
1782,2005年
1783,奧地利
1784,顧命八大臣
1785,五分之三
1786,中源漾水河
1787,約翰·庫達爾
1788,毛澤東
1789,長江流域
1790,倪匡
1791,1976年
1792,1254年
1793,製造火水燈
1794,詹姆斯·赫頓
1795,榮毅仁
1796,周西成
1797,1907年
1798,苻堅
1799,平原地形
1800,2011年
1801,舊溫布利球場
1802,定量模型
1803,1977年
1804,湯瑪斯杜威
1805,蘇日中立條約》
1806,屋大維
1807,新北市
1808,劉休範
1809,諾曼人
1810,葡萄牙
1811,1864年
1812,小聖堂
1813,1993年
1814,非常接近民居
1815,喀羅尼亞
1816,化合態
1817,瑞士
1818,伊藤
1819,四座
1820,階梯形態
1821,1966年
1822,2.1%
1823,1961年
1824,現實主義
1825,沙文主義
1826,地層下陷
1827,溫度
1828,日本文化
1829,主張廢奴民主黨人
1830,為阻止其母覃美金胡亂花費
1831,彩電中心
1832,美軍戰機的轟炸
1833,特種部隊
1834,加拿大
1835,17歲
1836,2015年
1837,中華人民共和國
1838,因為中國原本聲稱擁有的領土範圍，多達2萬8千平方公里
1839,馬來亞高等法庭
1840,3月16日
1841,北宋
1842,王怡
1843,高斯光束傳播理論
1844,瑞士近衛隊
1845,消費者
1846,[SEP]理性自殺
1847,阿瓦爾人
1848,君主經過冊封的妾室
1849,演化心理學
1850,四百萬兩
1851,逃避敵害
1852,王向偉
1853,關內
1854,紐澤西美洲人
1855,56式自動步槍
1856,民國七十九年
1857,2002年
1858,甲午戰爭
1859,蘇聯
1860,儒勒·凡爾納
1861,婁諒
1862,1961年
1863,趙蕤
1864,威屯卡隕石坑
1865,漢地
1866,1961年
1867,2009年初
1868,噪音
1869,自殘
1870,歐洲
1871,凡爾賽
1872,梅里厄姆-韋伯斯特公司
1873,梅艷芳
1874,2007年10月1日
1875,贊格祖爾
1876,義大利
1877,1644年6月19日
1878,非裔美國人
1879,韓國
1880,金屬結構
1881,整合型間隙式裝甲
1882,挪威國會大廈
1883,35度
1884,五桂山
1885,1917年
1886,彭德懷
1887,鏡廳
1888,后沃村
1889,44年
1890,生態問題
1891,將所有產生煙塵、粗砂、廢氣的主要重工業納入進來
1892,加熱地下水
1893,邦聯不是合法政府
1894,1758年
1895,2005年
1896,[SEP]%以上
1897,7天
1898,周禮·考工記
1899,谷正倫
1900,先印後膠
1901,1858年
1902,毛澤東
1903,特瓦族
1904,《法蘭克福條約》
1905,松田傳十郎
1906,十月廿一
1907,卡內基梅隆大學
1908,威尼斯人
1909,1930年
1910,威廉·瓊斯
1911,陳誠
1912,布拉格之春
1913,巴拉圭
1914,農林部
1915,中國的封建政治體制
1916,美國空軍
1917,投降派
1918,真正的政治家
1919,明鄭時期
1920,中央委員會
1921,《歡樂今宵》
1922,同盟國
1923,興凱湖
1924,加泰羅尼亞人
1925,七星石
1926,萊納斯·鮑林
1927,都擁有龐大的海外殖民地
1928,溫帶季風氣候
1929,田中角榮
1930,渡江戰役
1931,女媧
1932,招募而來的部隊戰力極差
1933,狄奧多西二世
1934,華東建築設計院
1935,麻州
1936,新教
1937,撤離中國大陸之故
1938,汐止區
1939,經濟力
1940,6054191名
1941,1971年
1942,中山
1943,標註目的地為「關島
1944,1453年
1945,紀念孫中山
1946,6
1947,康有為
1948,藝術
1949,太空遊客
1950,1/3
1951,[SEP]5年
1952,1968年
1953,不滿元世祖行漢法的舉動
1954,聯邦制
1955,新政聯盟
1956,靜脈
1957,四年
1958,纖維性抽[SEP]
1959,2000起
1960,國家郵政局
1961,薩曼王朝
1962,日本
1963,以使德州南軍陷入困境
1964,貝爾格勒
1965,攻北魏戰敗
1966,北海艦隊
1967,英國
1968,奧地利
1969,黃埔軍校
1970,[SEP]耳其共和國
1971,《論出版自由》
1972,蒙古境內
1973,德意志民主共和國憲法
1974,同源基因
1975,45周歲
1976,美男子腓力
1977,長子孫登
1978,貪污醜聞
1979,俄羅斯聯邦
1980,農村
1981,醍醐天皇
1982,籃球運動
1983,北平甚寒冷
1984,美國憲法
1985,1960年代
1986,慕容德
1987,江南
1988,1945年
1989,位於天樂里
1990,劉少奇
1991,民間口頭傳說
1992,2002年
1993,私自招誘
1994,兵工廠眾多
1995,唐玄宗
1996,博覽館站
1997,奧斯曼伊斯蘭政權
1998,民主化與經濟發展存有正相關關係，現代化水平越高該國越可能民主
1999,現今世界上已知最巨大且年紀最老的活珊瑚群體
2000,庚申年
2001,美國人
2002,路易十四
2003,由國王指定
2004,1598年
2005,電磁波原理
2006,語言相約
2007,隆納雷根
2008,1973年
2009,台灣海峽
2010,1820年
2011,明太祖
2012,58勝24負
2013,9世紀
2014,北滿
2015,本田a型機動腳踏車
2016,王天祥
2017,不能
2018,2012年9月
2019,經濟及能源部
2020,民國34年
2021,商代
2022,100多個
2023,袁世凱
2024,分離主義
2025,梁啓超
2026,內蒙古
2027,後勤的問題
2028,射線光學
2029,工商企業家
2030,元嘉之治
2031,黃帝
2032,國民政府第十九次國務會議
2033,日耳曼人
2034,飛彈實驗靶場
2035,1960年
2036,珍珠港事件
2037,1609年
2038,裴松之
2039,公屋區
2040,1403年
2041,伊不拉音·本·阿赫邁德
2042,宜蘭縣政府、頭城鎮公所等單位多年努力，行政院
2043,中國南海
2044,自殺預防
2045,晉懷帝
2046,蘇聯
2047,威悉河
2048,國際城市博覽會盃
2049,蔣中正
2050,2006年
2051,遭遇荷軍極頑強抵抗，鄭軍損失慘重
2052,西德尼·斯科爾斯基
2053,1988年
2054,長江
2055,弊端事件
2056,香港
2057,韓國現代化
2058,2006年
2059,自然災害
2060,萊比錫大學
2061,市郊黃厝村塔頭社
2062,一個月
2063,爪夷文
2064,1969年1月31日
2065,元嘉二十七年
2066,王昌
2067,三個月
2068,法拉第定律
2069,蓋亞那太空中心
2070,行尚書省
2071,被元廷大臣彈劾
2072,1927年5月
2073,溫尼伯
2074,糧食禁運
2075,民國27年
2076,李登輝
2077,1930年
2078,溫帶
2079,1865年
2080,毛澤東
2081,健康問題
2082,嘉靖七年
2083,安息帝國
2084,1790年
2085,查理斯·萊爾
2086,民國18年
2087,俄羅斯亞洲部分
2088,奠定中國式的官僚制度的基礎
2089,世兵制
2090,韓國
2091,郭德綱
2092,米哈伊爾·普羅霍羅夫
2093,1比3
2094,近衛文博
2095,督辦北洋陸軍學務
2096,與不是自己小教區的牧師打鬥
2097,質量等級
2098,袁粲
2099,傑克·斯特勞
2100,伊莉莎白二世
2101,行尚書省
2102,基因轉殖小鼠
2103,5200萬美元
2104,孫中山
2105,澎湖
2106,李元昊
2107,92％
2108,中西區
2109,[SEP]利山莊
2110,韋弗爾
2111,木衞三
2112,王謐
2113,超臨界二氧化碳流體
2114,和俄羅斯達成和平協議，解決二戰後以來一直存在的領土糾紛
2115,伽利略
2116,尤金麥卡錫
2117,胡宗南
2118,1899年
2119,多倫多藍鳥棒球隊
2120,聯邦物業的所有權
2121,1972年
2122,拓樸學
2123,氣態星雲重力坍縮
2124,奈及利亞
2125,作為定位臺灣「國家品牌」的一個起點，希望透過全民參與凝聚共識，發掘臺灣許多美好而獨特的風貌
2126,毛澤東
2127,645年
2128,《馬關條約》
2129,歐洲國家盃
2130,3000人
2131,慕容暐
2132,美國長[UNK]米
2133,英制貴族
2134,中生代
2135,狄拉克
2136,元鼎六年
2137,劉銘傳
2138,炮台山
2139,1964年
2140,共產黨
2141,俾斯麥
2142,一個
2143,貨幣經濟
2144,羌族
2145,佐
2146,2014年
2147,領海以外並鄰接領海的一個區域
2148,統一社會黨
2149,冰河時期
2150,自由
2151,布爾什維克民兵
2152,16世紀中葉
2153,1858年
2154,往往以裝飾為主
2155,沃爾夫岡·苛勒
2156,150萬美元
2157,庾澄慶
2158,投票選舉
2159,1972年
2160,馬賴
2161,關島政府
2162,北美洲
2163,尼泊爾共產黨
2164,民國38年
2165,《崇拜聖書》
2166,2014年
2167,使用過時的二衝程發動機
2168,以及追尋無與倫比
2169,殼
2170,金泳三
2171,尼祿
2172,2012年11月15日
2173,集中行使軍事、行政權力
2174,316年
2175,色目人擅長理財
2176,君士坦丁大帝
2177,中國史學
2178,柏林圍牆
2179,1966年
2180,薩洛尼卡拉丁王國
2181,國家政權的工具
2182,奧克拉荷馬州
2183,巴丹群島
2184,對一批物流項目給予貸款貼息政策
2185,義大利
2186,通常機槍和機炮的彈道差別較大，造成瞄準困難
2187,5000倍
2188,美利堅聯盟國
2189,1912年
2190,亨利·迪克特·懷特
2191,臺灣
2192,複製
2193,1月14日
2194,派出海軍武裝介入當地事務卻遭到了失敗
2195,1903年
2196,1995年
2197,蔣中正
2198,德國
2199,1959年
2200,單一循環
2201,田納西州
2202,害怕被人聽到自己說上海話會被認為大陸人
2203,1978年
2204,11000公里/小時
2205,薩沃亞王家畫廊
2206,曲藝形式小品
2207,何塞·加布里埃爾
2208,5毫米
2209,《馬可波羅遊記》
2210,中國網通集團
2211,經濟部
2212,10公里
2213,1493年
2214,北齊
2215,洋務運動
2216,日治時期
2217,孟加拉國
2218,以為高句麗滅亡了
2219,鮑德溫二世
2220,地區性國際政治組織
2221,不斷成長的大量讀者群
2222,1988年
2223,1920年
2224,劉衛辰
2225,比爾蓋茨
2226,廣鐵
2227,淵蓋蘇文
2228,激進黨
2229,被視作國內業務
2230,10%
2231,地球生命可被視為單個超級有機體
2232,29億美元
2233,石油出口
2234,郭德綱
2235,吳曉邦
2236,南半區
2237,以獲得其精銳部隊
2238,熱力學
2239,為了在航空母艦上操作
2240,1914年
2241,《兩種新科學》
2242,楊浦區
2243,《科幻世界》
2244,民國19年
2245,連江縣政府
2246,河南
2247,1980年代
2248,《南華早報》
2249,試圖恢復古老的鄉村傳統
2250,君主制
2251,查爾斯·惠斯通
2252,沙坪壩區沙坪壩公園
2253,羅馬公民權
2254,沙祖康
2255,「銀幣」
2256,華爾特·科洛普頓·溫菲爾德
2257,威尼斯
2258,公孫淵
2259,扶餘國
2260,美國
2261,弗洛伊德理論
2262,橄欖油
2263,韓式筷子
2264,方濟各·沙勿略
2265,詹姆斯•布坎南
2266,高通公司
2267,破火山口
2268,多倫多皮爾遜國際機場
2269,建造一個人工堤壩將東西兩湖完全分離
2270,漢語書面語
2271,隆納·雷根
2272,慢性藥物誤用
2273,[SEP]分之三
2274,中國發行時間最長的中文報紙
2275,阿拉巴馬州
2276,中國共產黨
2277,瑞典
2278,龍雲
2279,九龍寨城
2280,交通部觀光局
2281,近軸近似
2282,四分之三
2283,民國34年
2284,2月
2285,2008年
2286,滿洲國
2287,劉邦
2288,鮭魚
2289,北京
2290,[SEP]傳佛教
2291,杜拜知識村
2292,卡爾·林奈分類法
2293,歐洲足球錦標賽
2294,《華府風雲》
2295,柯本氣候分類法
2296,金大中
2297,台江內海
2298,英國
2299,巨大捕食壓力
2300,按鈕式市內長途直撥公用電話
2301,薩珊王朝
2302,1388年
2303,黑人
2304,火災
2305,胡宗南
2306,爬行動物
2307,天主教
2308,遊艇
2309,聖德太子
2310,德懷特艾森豪
2311,計劃經濟
2312,西敏制
2313,庫克船長
2314,中文並非主流語言的問題
2315,1968年
2316,伏打電堆
2317,1256年
2318,韓式泡菜
2319,1995年
2320,本省人
2321,難以為繼
2322,經濟海域
2323,山崩沉積作用
2324,湘王
2325,郡政府
2326,《東週刊》
2327,馬關條約
2328,波士頓塞爾提克
2329,雷姆·庫哈斯
2330,蘇維埃
2331,十一世紀
2332,1937年
2333,《軍力動員法》
2334,法律制裁
2335,不信任案
2336,中華民國
2337,為了與他的女兒瑪麗住得近一點
2338,磁單極
2339,貝都因人
2340,《湯姆叔叔的小屋》
2341,位於「颱風走廊」
2342,塞爾維亞克拉伊納共和國
2343,民宿
2344,關島
2345,吸菸
2346,2004年3月2日
2347,[SEP]椎骨骨折
2348,為了擴充版圖
2349,空心樹
2350,赫哲族
2351,張博雅
2352,熱能
2353,渤海
2354,彌爾
2355,唐朝
2356,民國六十七年國防部因戰備需要，將西南角圍牆拆除約五十公尺
2357,許家班的創始人許世賢
2358,信息革命
2359,法爾納瓦茲一世
2360,民主聖地
2361,一年
2362,一連串的醜聞
2363,貴族政治
2364,吐谷渾
2365,由人民選舉
2366,半年
2367,候補中央委員
2368,富蘭克林
2369,理查·歐文
2370,顏延之
2371,23個
2372,2003年
2373,黃河鐵路公路大橋
2374,印度教祭司委員會
2375,紅土
2376,布拉馬普特拉河
2377,卡蓋拉河
2378,拉素
2379,頓河畔羅斯托夫
2380,2個
2381,上環
2382,瀕危物種
2383,劉義宣
2384,一個月
2385,珊瑚環礁
2386,亞熱帶濕潤季風氣候
2387,托尼·赫爾
2388,1978年
2389,[UNK]族
2390,中華民國國際經濟合作協會
2391,新北市
2392,山區
2393,甲級聯賽
2394,蕭樹滋
2395,1913年
2396,新羅
2397,亞美尼亞人
2398,四個
2399,中國國民黨
2400,2月24日
2401,重慶
2402,忽必烈
2403,羅斯福
2404,宋朝
2405,1957年
2406,可充電儲能裝置輔助牽引系統
2407,1968年
2408,類比電路系統
2409,歐胡島
2410,重抑症
2411,極度恐懼
2412,瑞士
2413,藍水作戰能力
2414,南朗鎮翠亨村
2415,稻穀的澱粉成份
2416,吳珈慶
2417,閩東人
2418,嘉南平原
2419,發信機
2420,1976年
2421,1911年
2422,萊茵蘭
2423,1687年
2424,1997年
2425,軍事
2426,浦項鋼鐵
2427,安史之亂
2428,朝鮮王朝
2429,路易十四
2430,雙括弧括起來的字
2431,人工土木建築材料
2432,斯多噶學派
2433,恐怖襲擊事件
2434,1987年
2435,1977年
2436,1990年
2437,1971年4月
2438,58%
2439,1279年
2440,劉裕
2441,杭州
2442,普京
2443,道教
2444,19世紀末
2445,市區人口達到100萬
2446,納粹集中營
2447,二疊紀-三疊紀滅絕事件
2448,專門記載了第一位皈依伊斯蘭教的薩圖克·博格拉汗的史事
2449,100%
2450,第二次世界大戰
2451,東都明京
2452,基金
2453,芒芒-圖圖-麥伊特
2454,巢尚之
2455,為了穩固自己的地位
2456,北條時政
2457,元宵節
2458,道士
2459,多倫多大學
2460,托馬斯阿奎納
2461,俄國
2462,朮赤
2463,土斷
2464,1920年
2465,第二次世界大戰
2466,日本
2467,馬賽曲
2468,1316年
2469,1974年
2470,表示神明鎮宅平安
2471,廣州行營
2472,啟示錄
2473,喬治亞
2474,1857年
2475,分析心理學
2476,北方各州成為新移民優先選擇的目的地
2477,1945年
2478,射血期
2479,北魏帝拓跋珪派兵幫助西燕
2480,義和拳
2481,loen娛樂
2482,農村
2483,倫敦奧運
2484,簡單
2485,1942年
2486,廣東
2487,1950年
2488,頓河
2489,近衛文博
2490,春秋時期
2491,宗教寓意
2492,資訊及計算學院
2493,李烈鈞
2494,本篤十六世
2495,後期
2496,光緒三十三年
2497,宗教人士
2498,馬克思主義
2499,18世紀
2500,畜牧業
2501,內閣制民主政體
2502,韓國
2503,第三產業
2504,1948年
2505,決心恢復皇室權威
2506,西班牙
2507,彌生式陶器
2508,朝鮮
2509,畫山水序
2510,在較脆弱的石上用矽酸鹽水泥進行壓力灌漿
2511,燕京大學
2512,最安全
2513,卜尼法斯八世
2514,河南革命
2515,1932年
2516,直隸州
2517,1789年
2518,釜山
2519,6萬人
2520,德國
2521,國民議會
2522,封閉式
2523,新城
2524,延平里
2525,法國
2526,俚僚族群
2527,杭州
2528,機械製造企業
2529,中央宿衛軍
2530,1865年5月26日
2531,山地
2532,大村線
2533,威爾特郡
2534,佛教
2535,日產
2536,僑郡
2537,從漢地百姓簽發的新兵
2538,上蓋
2539,北魏藝術風格
2540,義大利共產黨
2541,奴隸貿易
2542,1540年
2543,美國工業工程師學會
2544,閃化蒸汽處理
2545,醫學
2546,巴西爾二世
2547,儒家思想
2548,阿里不哥
2549,經濟顧問委員會
2550,《南史》
2551,1992年
2552,足協盃
2553,慈禧
2554,1848年
2555,王思翔
2556,石水渠街
2557,李百智
2558,明仁
2559,害蟲巡視員
2560,[SEP]索沃地區
2561,一萬年
2562,前端
2563,南蠻
2564,1927年
2565,劉玉娘
2566,能源部
2567,韓國科學技術研究院
2568,阿拉巴馬州
2569,飛鳥時代
2570,新石器時代
2571,1950年代
2572,多級火箭
2573,14所
2574,磁學測溫法
2575,較平坦谷地
2576,迪迪多
2577,德意志國防軍
2578,劉準
2579,孝文帝太和十九年
2580,不確定性
2581,《涌幢小品·總督總兵》
2582,伊夫傑尼克里洛夫
2583,1943年
2584,高表仁
2585,1921年1月
2586,印度佛教文化
2587,可以
2588,冊文
2589,第二次國共內戰失利
2590,私立研究型
2591,胡圖族解放運動
2592,文藝復興時期
2593,1928年
2594,飛鳥與飛機相撞造成的飛行安全事故
2595,2006年
2596,紐西蘭
2597,明太祖朱元璋
2598,偽科幻
2599,義大利
2600,秋季
2601,默啜可汗
2602,消滅在生產過程中對時間、經費、材料、能源以及其他資源的浪費
2603,李成桂
2604,喜馬拉雅山
2605,促使北方各族接受漢文化
2606,田納西州
2607,山地
2608,頻率測溫法
2609,考底利耶
2610,比喻苦難
2611,可遺傳材料
2612,高速鐵路
2613,殖民主義時期
2614,亞歷山卓·伏打伯爵
2615,鼠疫
2616,島上風光
2617,存在先於本質
2618,聯合國教科文組織
2619,台灣泛綠陣營
2620,黃帝
2621,移民
2622,約翰·洛克
2623,3年
2624,泰倫提烏斯
2625,1826年
2626,知道他的北極之旅很難募集資金
2627,菜豆
2628,明
2629,徵兵制
2630,1787年
2631,1930年
2632,大埔聚落
2633,匈牙利
2634,香港
2635,1941年
2636,英國
2637,6月
2638,科學樂觀主義
2639,2005年
2640,現代主義
2641,南宋
2642,美國第七艦隊
2643,亦失哈
2644,21個
2645,蔡[UNK]
2646,元宵節
2647,謝琰
2648,狄托
2649,《愛爾蘭王位法》
2650,計劃經濟
2651,聯合國
2652,方孝孺
2653,抽籤
2654,17世紀
2655,庫克斯港
2656,最佳作品獎
2657,1884年
2658,《論磁石》
2659,年輕人
2660,反法西斯防衛牆
2661,分配地方權力
2662,神經信號
2663,[SEP]身體器官的中國人發放簽證
2664,民間興建營運後轉移模式
2665,鄭成功
2666,貝他版本
2667,臺灣亞太發展基金會
2668,現代網球
2669,6公里
2670,1936年11月2日
2671,公元372年
2672,季米特洛夫
2673,巴西利卡
2674,2014年11月12日
2675,韓國
2676,蘇絲黃的世界
2677,普選權的保護者
2678,1921年
2679,新浪
2680,劉毅
2681,到達涅槃的境界
2682,1970年代
2683,中央革命軍事委員會副主席
2684,皆以同一面半球永遠對著木星公轉
2685,日本無條件投降
2686,珠江
2687,南北朝時期
2688,p-61戰鬥機
2689,參宿四
2690,阿里烏教派
2691,消極政策
2692,1999年
2693,2002年
2694,男多女少
2695,《凡爾賽條約》
2696,−273.15
2697,俄羅斯
2698,1952年
2699,舊金山和約
2700,內蒙古
2701,最早沒有固定的位置，後常在居民點的井旁
2702,劍魚座·欸逼欸
2703,黃大仙區
2704,諾曼人
2705,陝西省
2706,貝爾·柯林頓
2707,1892年
2708,婚禮產業
2709,米蘭
2710,湖北省
2711,維基媒體
2712,突厥人
2713,公共衛生問題
2714,為了徹底掃除北元勢力
2715,61勝21負
2716,韓國
2717,在地球的大氣層和月球之間的地區
2718,通信
2719,貝南
2720,1666年
2721,屋大維
2722,中環
2723,《1965年移民及國籍法案》
2724,《航路標誌法》
2725,1940年
2726,大英圖書館
2727,頭目
2728,王猛
2729,都督府長官
2730,大學寮
2731,小超級英雄
2732,一夫一妻制
2733,關島
2734,1406年
2735,1995年
2736,[SEP]語
2737,隋內亂加劇
2738,英國
2739,魯濟濟河
2740,關島
2741,1994年
2742,德利斯勒
2743,閩南語
2744,實驗室化驗
2745,英國
2746,蟒蛇計劃
2747,台北港
2748,軍事強國
2749,1788年
2750,諸葛長民
2751,珍珠奶茶
2752,神話傳說
2753,畢堤·美
2754,1995年
2755,葛蘿莉亞·哈翠克
2756,藥物濫用
2757,失去一分
2758,種群數量很少
2759,河北省平山縣銀行
2760,察哈爾民眾抗日同盟軍
2761,被月球
2762,溫菲爾德·史考特
2763,多倫多
2764,維吉尼亞號
2765,備取生
2766,中國移動有限公司
2767,1852年
2768,美國
2769,奧古斯都
2770,甲午戰爭
2771,突尼西亞
2772,西里爾
2773,法蘭克·蓋瑞
2774,軍事委員會
2775,心理異化
2776,周恩來
2777,2004年
2778,元代
2779,巨野教案
2780,1998年
2781,劉師培
2782,陶器的形式
2783,[SEP]鑑於新教徒對聖經正典的質疑
2784,晉末宋初
2785,福州
2786,修正
2787,1999年
2788,堅固耐久
2789,雷達
2790,1988年
2791,大興區
2792,1958年
2793,《進步日報》
2794,納粹德國
2795,2008年
2796,韋瀚委員會
2797,卡賓槍
2798,戊戌變法
2799,藏傳佛教
2800,英國
2801,3公里
2802,夾桑之戰
2803,靜坐示威
2804,文世光
2805,13年零8個月
2806,47位
2807,國家
2808,德國
2809,伊拉克
2810,黃大仙祠
2811,季節性
2812,2006年
2813,公孫度
2814,賓州大學
2815,1811年
2816,伏打電堆
2817,「河西文化」
2818,生死諜變
2819,有機米
2820,7095米
2821,政權由獨裁體制轉變成民主體制的過程
2822,一對生心板
2823,場外裁判
2824,中華民國
2825,中華民國
2826,何斌之
2827,電腦控制技術
2828,卡斯蒂利亞語
2829,1945年
2830,嘉靖九年
2831,陳思恭
2832,為了削弱其他軍閥勢力
2833,第四位
2834,1812年
2835,保羅羅斯
2836,君主立憲制
2837,六七暴動
2838,廣州
2839,明臨答夫
2840,雲南行省
2841,20.606億港元
2842,平戶市
2843,8.0
2844,1943年
2845,國會
2846,社群主義
2847,廣州
2848,聯合會盃
2849,16.7個地球日
2850,1998年
2851,1998年
2852,寧蠻校尉
2853,實現民主化
2854,60%
2855,脊椎動物
2856,2014年
2857,下薩克森邦
2858,祖籍
2859,帕斯夸爾·塞韋拉
2860,日野開三郎
2861,[SEP]庫德難民
2862,「計裏劃方」
2863,1929年
2864,臺東市
2865,美國地質調查局
2866,耶柔米
2867,約翰長老
2868,日耳曼人
2869,一九點五公尺
2870,波蘭
2871,1264年
2872,1970年代
2873,馬關條約
2874,伊朗革命政府
2875,唐代
2876,修頓球場
2877,向忠發
2878,中國
2879,《里加條約》
2880,德國
2881,老人安養
2882,350公里
2883,拿破崙
2884,白人男性
2885,波蘭
2886,376年
2887,2005年
2888,後勤補給的中斷
2889,民國時期
2890,甲午戰爭
2891,有鑑於柯林頓「拉鏈門」風波觸怒了不少黨內保守派人士
2892,康斯坦丁二世
2893,粗俗體大寫
2894,祺祥
2895,10萬人
2896,台東縣
2897,屍體剖檢研究
2898,176800人
2899,製造箭頭
2900,電影
2901,1990年
2902,二戰
2903,1975年
2904,白[UNK]紀
2905,黃永欽
2906,《巴黎和約》
2907,省立第十一師範學校
2908,嘉陵道籍
2909,西夏
2910,魏志倭人傳
2911,「harvey獎」
2912,1878年
2913,恆河
2914,1974年
2915,弗拉基米爾·佐利金
2916,地中海貧血症狀
2917,宜蘭外海發生多起地震
2918,幼發拉底河
2919,第二次世界大戰
2920,為了翻譯工作
2921,峨眉山
2922,灣仔區
2923,凱爾特人
2924,多倫多藍鳥棒球隊
2925,保護載具內的人員不受敵火傷害
2926,修水
2927,燕州
2928,中晚明北疆的國界
2929,橢圓
2930,800多年
2931,石油天然氣行業
2932,貢寮國際海洋音樂祭
2933,2006年
2934,四個
2935,必經之路上埋地雷
2936,散居西伯利亞
2937,第二次世界大戰
2938,拉普拉斯共振
2939,語言學
2940,大不列顛
2941,在行船歸途中遭遇颱風
2942,7世紀
2943,1909年
2944,「黑廝」
2945,利他性自殺
2946,西班牙
2947,使《南華早報》的報導風格可能將漸漸傾向大陸，而失去獨立的立場
2948,靜脈竇
2949,君士坦丁十一世
2950,在它們的成分中完全沒有比鋰更重的元素
2951,約翰南斯加納
2952,1992年5月
2953,印第安人遷移法案
2954,1999年
2955,中心
2956,九十年代
2957,君主制
2958,中國民主建國會
2959,嘉義市議會
2960,副教務長
2961,中國大陸
2962,赫魯雪夫
2963,巴黎礦業學校
2964,第二波新政
2965,伽利略
2966,風流事
2967,下薩克森邦總理
2968,公元前3500年到公元前1000年
2969,四周強敵漸漸威脅
2970,出口木材
2971,波昂
2972,學院邀請
2973,早期黨外
2974,一二八事變
2975,日本
2976,阿瓦爾人
2977,1950年
2978,表示天體的至高至大
2979,中曾根康弘
2980,1930年代
2981,蘇聯
2982,中國人民解放軍取得勝利
2983,粵語
2984,淡水河
2985,42種
2986,1939年
2987,欽察
2988,金國
2989,401號省道
2990,甘泉島
2991,由阿里不哥兵敗投降
2992,八里橋
2993,其他族裔
2994,中書監
2995,西藏
2996,[SEP]
2997,中秋
2998,胡漢分治
2999,官田
3000,[SEP].92%
3001,梵蒂岡之囚
3002,萊茵河航運中央委員會
3003,路易斯委員會
3004,何斌之
3005,普羅民遮城
3006,「抗日同志會」
3007,釣魚臺島
3008,宋代末
3009,中華人民共和國
3010,大肚平埔族拍布拉族大肚王與瑯[UNK]番人的反抗
3011,15世紀後
3012,新羅
3013,聖喬治校區
3014,2009年
3015,後現代主義
3016,《和我們想得一樣》
3017,瓊·克勞馥
3018,戰爭對鋼鐵的需求量猛增
3019,中華民國
3020,介質
3021,拿破崙
3022,1億7千5百萬美元
3023,[SEP]爾扎赫
3024,印度香米
3025,維基標記式語言
3026,都市化程度高
3027,《鐵路旅遊票價表》
3028,郭春秧
3029,2009年
3030,巴黎
3031,西村真悟
3032,民法
3033,忽必烈
3034,教師教學質量不好
3035,前鋒群
3036,非洲
3037,法語
3038,水泥
3039,嘻哈
3040,《臺灣關係法》
3041,張永
3042,防止國家權力被濫用，尤其是被針對用於對反對派的誣告陷害
3043,2001年
3044,各國際單項運動總會
3045,1955年
3046,中國
3047,改變土地產權制度
3048,133公分
3049,特別提款權
3050,朱常清
3051,約翰·約阿希姆·溫克爾曼
3052,五個動脈弓
3053,農產品
3054,青龍教
3055,「為父親報仇」
3056,1716年
3057,臺灣醫界聯盟基金會
3058,珍寶島事件
3059,民國十九年
3060,224名
3061,渡江戰役
3062,李自成
3063,吳鼎昌
3064,18世紀
3065,20萬
3066,五年
3067,完顏宗弼
3068,1960年
3069,哭泣
3070,反對
3071,巴伐利亞邦
3072,巴郡
3073,吉佳利
3074,江漢平原
3075,降雨空間和時間分布十分不均
3076,腳踏車
3077,溫帶大陸性濕潤氣候
3078,第13
3079,塞拉俱樂部
3080,義寧縣
3081,北坡
3082,1933年
3083,紐約市消費者事務部
3084,南京
3085,孫文越飛聯合宣言
3086,兩個層次
3087,日耳曼人
3088,1974年
3089,半西方式握拍
3090,元豐六年
3091,科學管理
3092,[SEP]8年
3093,山羊野生化後大量繁殖
3094,1868年
3095,1941年
3096,以便爭取汗位繼承權
3097,黃奇帆
3098,晉冀魯豫野戰軍
3099,北魏
3100,十字軍東征
3101,梅艷芳
3102,亞他納修
3103,大眾汽車公司
3104,2010年
3105,中國中央電視台移動傳媒
3106,腓力六世
3107,西安事變
3108,公元三世紀
3109,社會主義市場經濟體制
3110,顛地破產
3111,沙地
3112,木
3113,黑龍江省
3114,「真人」
3115,指他的名字「雲」道破了他出生的秘密
3116,可以
3117,德克薩斯
3118,1973年
3119,功臣武將
3120,二
3121,美國卡內基高等教育基金會
3122,廣固
3123,關東地震
3124,海上交通安全管理
3125,父系氏族公社
3126,英國
3127,特性為功能的記載
3128,重慶兩江新區
3129,《阿[UNK]婆吠陀》
3130,法蘭西人
3131,中越西沙海戰
3132,失業率攀升
3133,文理學院
3134,大衛·勞合·喬治
3135,科尼亞
3136,1964年
3137,衝鋒槍
3138,主裁判
3139,馬祖列島
3140,斯拉夫語族
3141,1651年
3142,密蘇里州
3143,第九年
3144,潮州人身份
3145,美式橄欖球
3146,[SEP]少貨物半途攔截或搶劫的風險
3147,1945年
3148,滇緬公路
3149,奴隸
3150,中宣部
3151,挪威
3152,空鐵聯運
3153,2000年
3154,亞特蘭大
3155,《三洞奉道科誡》
3156,盧泰愚
3157,旅遊業
3158,鮮卑慕容氏
3159,龜茲
3160,人多地少
3161,農業生產
3162,文化大革命
3163,思茅專區
3164,國際航空聯合會
3165,約翰·赫歇爾
3166,1955年
3167,客觀
3168,俄羅斯聯邦
3169,大城王國
3170,雲南
3171,蘇維埃俄國政府
3172,稻作農耕文明
3173,將攻城臼炮運到君士坦丁堡城外
3174,愛德華三世
3175,中國大陸
3176,洛杉磯地區
3177,民國38年
3178,繁殖
3179,橫條護甲
3180,如若效忠國王，南斯拉夫會變成君主制國家
3181,有喜貝塚
3182,北角
3183,1895年
3184,《候鳥》
3185,安豐塘壩
3186,大稻埕
3187,1939年
3188,下薩克森邦邦長
3189,哈里發
3190,河北
3191,網球
3192,昆河鐵路
3193,古柯鹼
3194,亞熱帶濕潤氣候
3195,保守黨
3196,仁宗
3197,拖垮政治犯的意志
3198,松屬植物
3199,古雅典時期
3200,俄國
3201,白崇禧
3202,由國家軍隊軍官所拱出來
3203,英國
3204,洛杉磯湖人
3205,[SEP]職人員
3206,《根據分子運動論研究靜止液體中懸浮微粒的運動》
3207,2017年
3208,保守派
3209,1982年
3210,鐵木真
3211,將許多他之前的拉丁文作品翻譯至英文
3212,工業工程
3213,馬其頓共和國
3214,國際奧委會第48屆年會
3215,心房
3216,時限到了之前犯人還未死去
3217,1261年
3218,第一類組
3219,1993年12月
3220,十九世紀
3221,黃斑中心的中心窩
3222,對流層
3223,2014年
3224,支持日本關于歸還領土的要求是中國的一貫政策
3225,元朝
3226,臺灣路竹會
3227,《華爾街日報》
3228,海鹽
3229,生產關係
3230,高原
3231,4月中旬
3232,馮桂芬
3233,「第二次進口替代」
3234,大理石
3235,朱允[UNK]
3236,朱爾·雷邦德
3237,1943年
3238,資訊學院
3239,有期監禁
3240,胡錦濤
3241,巴拉克·歐巴馬
3242,美國
3243,徐蚌
3244,明尼亞波利斯湖人
3245,教育研究院
3246,俄美公司
3247,梅艷芳
3248,3000人
3249,是西行印度求法而歸的第一人
3250,原始社會解體後
3251,亞當斯密
3252,日耳曼文化
3253,芬蘭
3254,為避免購票人群與進出站人群的對沖
3255,聽覺器官
3256,重慶併入四川省成為省轄市
3257,1960年
3258,經濟拮据
3259,偽軍東北民主聯軍
3260,關於非營利組織免稅資格認定管理有關問題的通知
3261,泉州
3262,1993年
3263,物理學
3264,錢謙益
3265,高亭
3266,三千
3267,北魏
3268,英國
3269,顏體
3270,1260年
3271,遒勁豪放
3272,李清
3273,阿斯頓公園球場
3274,表觀遺傳學
3275,潮州
3276,[SEP]年
3277,《廢奴令》
3278,重熙增幣
3279,大廈大學
3280,印刷術
3281,重慶
3282,西班牙
3283,美元
3284,喬治·傑弗里·道森
3285,f-16戰鬥機
3286,光緒31年
3287,地價
3288,多元文化主義
3289,[SEP]政部
3290,[SEP]拍擊球的動作但並未擊打到球
3291,吉爾柏特
3292,漢朝
3293,薛安都
3294,臺澎金馬個別關稅領域
3295,聖母院博物館
3296,菅義偉
3297,為了更有效率地處理國務
3298,[SEP]耳其共和國
3299,1處
3300,凱爾特人
3301,正在規劃中
3302,狄托雪巴西茲協定
3303,闢為公園
3304,麥角胺
3305,烏山頭水庫
3306,教會
3307,香港站
3308,58個
3309,魚雷機
3310,鄧小平
3311,1875年
3312,1947年
3313,1960年代
3314,七月初十
3315,范孫獎學金
3316,中國殘疾人福利基金會
3317,1944年
3318,北宋
3319,柯慶施
3320,李克東
3321,第四
3322,孟子
3323,日本社會黨
3324,激變星
3325,募兵制
3326,7月
3327,1968年
3328,將軍
3329,吉斯卡爾
3330,國立武昌高等師範學校
3331,1934年
3332,1608年
3333,納比勒·阿拉比
3334,思考產品外觀
3335,復興島
3336,天主教
3337,船塢
3338,142個
3339,加拿大
3340,單發霰彈槍
3341,四川
3342,南京
3343,1923年
3344,文化大革命
3345,東芝
3346,草食性
3347,220公里
3348,葡萄牙
3349,清廷對臺灣住民的高壓政策
3350,高句麗
3351,22名
3352,盤[UNK]蠻
3353,劉道玉
3354,法國
3355,西羅馬帝國
3356,突厥語民族
3357,南卡羅來納州
3358,嘉義市
3359,120餘公里
3360,楊虎城
3361,2003年
3362,《兩種新科學》
3363,遼朝
3364,敦煌市
3365,艾西莫夫
3366,後金政權
3367,昭和四十九年
3368,2014年
3369,臺灣廟宇香火鼎盛
3370,基督教
3371,少女模特兒
3372,儒勒·哈杜安·孟薩爾
3373,大楊浦
3374,蒙哥馬里
3375,安徽省
3376,跑馬地
3377,723公里
3378,網球
3379,高句麗
3380,澳門
3381,60歲
3382,《法薩利亞》
3383,六何法
3384,葡萄牙語
3385,艾史密斯
3386,「發現了在原子理論裡很有用的新形式」
3387,格雷戈里·福斯特
3388,民國16年
3389,工學院
3390,從伴星吸積氫
3391,核心的溫度
3392,路易十四
3393,維吉尼亞州
3394,可以
3395,由全國人民代表大會進行補選
3396,1999年
3397,諾貝爾和平獎
3398,精英政治制度
3399,東魏
3400,1980年
3401,網球
3402,校園核能研究反應爐
3403,北角
3404,山地
3405,65萬人
3406,[UNK]靼
3407,肝臟
3408,禾寮港
3409,聯合國
3410,舊石器時代
3411,俾斯麥
3412,1979年11月
3413,朱棣
3414,石勒
3415,托博爾斯克石化公司
3416,《古蘭經》
3417,沙勿略
3418,威爾遜
3419,嘉定十四年
3420,臺北市
3421,索馬利亞
3422,裡海
3423,間隙式裝甲
3424,大白兔
3425,2001年
3426,[SEP]拜
3427,朝陽市
3428,臺灣
3429,《中華人民共和國企業所得稅法》第七條
3430,九州旅客鐵道
3431,劉裕
3432,軍家話
3433,5月
3434,孝敬其父母
3435,佛羅里達州塔拉哈西
3436,《比較列傳》
3437,新北市政府文化局
3438,長江下游河姆渡
3439,t.c.b.s
3440,波蘭
3441,拉丁美洲
3442,魏國
3443,3000[UNK]顆
3444,元朝至順元年
3445,城市規劃
3446,路易十四
3447,實用主義
3448,喜馬拉雅山脈
3449,畜牧業
3450,機構
3451,恆星
3452,耶柔米
3453,音樂家
3454,正式承認放棄瓦罕帕米爾
3455,大馬
3456,一體成型
3457,黃道婆
3458,民國七十一年
3459,每年農曆九月初九重陽節
3460,舊石器時代
3461,約魯巴
3462,會員大會
3463,神聖羅馬帝國
3464,四十九旗
3465,油槽
3466,紐倫堡
3467,2000年
3468,方便民眾騎乘時使用
3469,狹窄的谷地
3470,蘇聯
3471,劉穆之
3472,銘刻體
3473,七十年代
3474,1971年
3475,1850年
3476,趙貴誠
3477,全球資訊網專案簡介
3478,128kb
3479,[SEP]杜林
3480,特洛伊家族
3481,索馬利亞
3482,博尼圖
3483,國務院
3484,公元900年
3485,四十三年
3486,149年
3487,卒本
3488,日本
3489,希臘阿索斯山
3490,1922年
3491,中華民國國語
3492,人民日報
3493,新城區
3494,拱型
3495,玄學
3496,張作霖
3497,外藩蒙古
3498,好萊塢
3499,1717年
3500,季軍
3501,莫爾電子工程學院
3502,福王朱由崧
3503,盧永祥
3504,反法西斯防衛牆
3505,距離比較遠
3506,鹽稅
3507,種族隔離
3508,白犬列島
3509,使原來的貴族能在君主立憲下的上議會保有一席之地
3510,1944年
3511,2790060
3512,三十萬
3513,100人
3514,韓國
3515,華碩電腦股份有限公司
3516,宋公
3517,賓夕法尼亞州
3518,賓夕法尼亞州
3519,用於壇面排水
3520,不丹
3521,50年
3522,甬舟高速公路
3523,達木蒙古八旗
